Wilaya,Businessname,Phonenumber,Website,Googlemapsscore,ReviewCount,Emailaddress,Instagramlink,Facebooklink,Linkedinlink,WhatsAppLink,TikToklink,OwnerName,OwnerLinkedIn
bejaia,Jil Voyages,030 18 74 56,,"4,0",(55),,,,,,,,
bejaia,BEJAIA TOURS,034 12 71 33,,"3,6",(10),,,,,,,,
bejaia,Kabylie Voyages Béjaïa,034 16 01 79,,"4,9",(17),,,,,,,,
bejaia,Ziguade Tour,0560 63 58 06,,"4,6",(51),,,,,,,,
bejaia,Felicita Tours Agence de Voyage Bejaia,034 81 19 29,,"3,1",(25),,,,,,,,
bejaia,DENIZ VOYAGES,0770 33 75 67,,"4,4",(22),,,,,,,,
bejaia,Saldae Voyage,044 22 00 58,,"4,8",(22),,,,,,,,
bejaia,Perle Tours,034 12 63 65,,"4,0",(10),,,,,,,,
bejaia,Jilvoyages Naceria,034 16 42 36,,"4,9",(10),,,,,,,,
bejaia,Agence de voyages,,,"2,8",(9),,,,,,,,
bejaia,Yacime voyage Béjaïa,0770 59 91 90,,"4,3",(8),,,,,,,,
bejaia,TAFSUT TRAVEL& TOURISME BEJAIA,034 12 72 28,,"3,8",(5),,,,,,,,
bejaia,Landmark Voyages Bejaia,034 12 49 01,,"4,0",(4),,,,,,,,
bejaia,TAWFIK VOYAGES,034 16 14 74,,"5,0",(2),,,,,,,,
tizi ouzou,Tizi Voyage,026 11 12 71,,"4,8",(273),,,,,,,,
tizi ouzou,AGORA Tourisme et Voyages Tizi Ouzou,026 12 44 44,,"4,6",(72),,,,,,,,
tizi ouzou,PLANET TRAVEL FOR YOU,026 54 55 97,,"4,8",(70),,,,,,,,
tizi ouzou,MELYNZO VOYAGE,0554 92 76 34,,"5,0",(86),,,,,,,,
tizi ouzou,B-A TOURS,0550 52 77 59,,"4,5",(63),,,,,,,,
tizi ouzou,CIANITA VOYAGE,026 12 14 12,,"4,3",(12),,,,,,,,
tizi ouzou,Tereva Travel,020 94 38 48,,"4,8",(33),,,,,,,,
tizi ouzou,ALTAVIA WORLD,0792 68 21 69,,"4,8",(22),,,,,,,,
tizi ouzou,Kouaou travel,0560 05 58 22,,"5,0",(6),,,,,,,,
tizi ouzou,Agence de voyage Felicita Tours,0551 43 92 57,,"4,4",(13),,,,,,,,
tizi ouzou,Evade Agency,0670 80 56 97,,"5,0",(153),,,,,,,,
tizi ouzou,"Tizi ouzou, agence",,,"4,6",(8),,,,,,,,
tizi ouzou,agence de voyage Ramses Travel,0557 87 24 53,,"3,8",(33),,,,,,,,
tizi ouzou,Toursmag Travel,026 45 52 35,,"4,4",(13),,,,,,,,
tizi ouzou,Tirza Tours,0699 16 03 67,,"4,9",(18),,,,,,,,
tizi ouzou,Soleil Voyage,026 19 62 31,,"4,3",(34),,,,,,,,
tizi ouzou,Félicita Tours Tizi Ouzou,0558 47 75 36,,"3,1",(89),,,,,,,,
blida,Family Travel,0558 93 08 73,,"4,8",(42),,,,,,,,
blida,Via Lynda Explore,0775 84 14 99,,"5,0",(27),,,,,,,,
blida,Miral Travel - blida,0550 44 62 99,,"5,0",(2),,,,,,,,
blida,Pacher Tours,025 31 03 13,,"5,0",(10),,,,,,,,
blida,Melouka Voyage,0560 76 43 96,,"3,9",(9),,,,,,,,
blida,El Hikma Tourisme & Voyages,,,"4,3",(12),,,,,,,,
blida,BICHA VOYAGES BLIDA,0555 69 36 64,,"3,6",(8),,,,,,,,
blida,Favor Travel | فافور ترافل,0555 20 48 64,,"5,0",(7),,,,,,,,
blida,Contrat De Voyages,0770 51 17 16,,"5,0",(1),,,,,,,,
